text,true_label,predicted_label,confidence,correct,prob_decorative,prob_false,prob_repurposed,prob_slanted,prob_unreliable source
"EVIDENCE COMMUNITY NOTES IS ZIONIST CONTROLLED AND TARGETS PRO PALESTINIAN ACCOUNTS

Both the ZIONIST twins and I used the same image for illustrative purposes. I was community noted and he was not. 

This system has been completely gamed and controlled by Zionists. https://t.co/IL56j3u0fy [SEP] False. Community Notes is not controlled by ‚Äúzionists‚Äù or any individual ideology.   https://communitynotes.twitter.com/guide/en/contributing/diversity-of-perspectives    CN deliberately takes into account whether those who rated a note ‚Äúhelpful‚Äù come from different perspectives.   https://communitynotes.twitter.com/guide/en/about/introduction    The CN algorithm is open source; daily data downloads are available.  https://communitynotes.twitter.com/guide/en/under-the-hood/ranking-notes   https://github.com/twitter/communitynotes/tree/main/sourcecode",slanted,repurposed,0.62636584,False,0.038743988,0.05487172,0.62636584,0.22663325,0.05338513
"Taylor Swift SLAMS Trump for saying I HATE TAYLOR SWIFT üî• https://t.co/lrh5KMjlVr [SEP] This is a digitally altered image. The date states Sep 155, 2024. Which is not an actual date. Also, this is not an official Taylor Swift X account but a parody account. The official Taylor Swift X account is https://x.com/taylorswift13",false,repurposed,0.773341,False,0.040114414,0.07896319,0.773341,0.09299596,0.01458534
"@sentdefender The US Embassy in Russia issued a very strange message about an imminent terrorist attack against crowds in Moscow in the next 48h

They know it was going to happen. ü§î https://t.co/jFGGgoyyCu [SEP] The warning pictured was issued March 7, more than 2 weeks prior to the attack on Crocus City Hall in Moscow. As of 3:30 pm EDT on the day of the attack it remains the most recent warning on the embassy website.    https://ru.usembassy.gov/category/alert/",slanted,repurposed,0.68838066,False,0.10484741,0.018470556,0.68838066,0.11281487,0.075486496
Ik vind het onverantwoord om op een filmset rond te lopen zonder helm! Waar is de arbeidsinspectie als je haar nodig hebt? https://t.co/kmwyrIfBfl [SEP] This photo was not taken on the surface of the moon. It was taken at the Kennedy Space Center in Florida.    https://www.snopes.com/fact-check/astronauts-helmets-moon/,false,repurposed,0.7618603,False,0.009404911,0.05000537,0.7618603,0.10895544,0.06977392
"Sirius Star through the Nikon P1000 zoom. https://t.co/wTBTb9ZtYD [SEP] What you are seeing is either optical artefacts due to the lack of focus, highlighting elements within the camera lens, or, you are purposely displaying a Bahtinov mask in front of the lens, out of focus and being miss-truthful as to what you are seeing.    https://en.wikipedia.org/wiki/Bahtinov_mask",false,repurposed,0.65558565,False,0.0032826597,0.02337499,0.65558565,0.28417534,0.033581365
https://t.co/5qOClKQqAC [SEP] This was discredited see below:    http://www.dailymail.co.uk/sciencetech/article-2524598/Experiment-finds-plants-die-placed-internet-W...     http://www.snopes.com/cress-wifi-experiment/     http://www.eurekaselect.com/141391/article,false,repurposed,0.7060029,False,0.01612422,0.0667352,0.7060029,0.15737678,0.05376088
"The latest forecast is still very relevant. Be on watch, just in case.
https://t.co/WQ8HcyM3HU [SEP] There is no scientific basis for earthquake prediction; claims of predictive utility from planetary alignment have been disproven. There is always a chance for quakes in areas with active faults, but these specific forecasts perform no better than random when tested.    https://www.usgs.gov/faqs/can-you-predict-earthquakes  https://pnsn.org/outreach/faq/earthquake-prediction  https://scienceexchange.caltech.edu/topics/earthquakes/earthquakes-probabilities  https://sitn.hms.harvard.edu/flash/2019/predicting-next-big-earthquake/  https://www.snopes.com/fact-check/can-you-predict-an-earthquake/  https://www.usgs.gov/faqs/can-position-moon-or-planets-affect-seismicity-are-there-more-earthquakes-morningin-eveningat",unreliable source,repurposed,0.6500419,False,0.015513106,0.031002505,0.6500419,0.23588982,0.06755264
https://t.co/KkCh0wRfa2 [SEP] This was a prank where the mam actually fell asleep. He didn't die from a heart attack.    Source: https://www.indiatoday.in/fact-check/story/fact-check-co-workers-prank-goes-viral-with-deadly-claim-1637636-2020-01-17,repurposed,slanted,0.4160874,False,0.021625303,0.12789477,0.40407416,0.4160874,0.030318398
Drone video shows the devastation of Hurricane Beryl in Jamaica . Beryl the most intense hurricane on record so early. https://t.co/Ad4ZLrp8EK [SEP] This is not Jamaica. The hurricane didn‚Äôt hit until July 3.     https://apnews.com/article/hurricane-beryl-caribbean-jamaica-cayman-islands-774803fc70e187ea96e7df10f84d8a50,repurposed,repurposed,0.63095725,True,0.022450224,0.08916164,0.63095725,0.23008506,0.02734589
"Russia has no territorial claims to Poland, Latvia or other countries on the continent, Russian President Vladimir Putin said in an interview with Tucker Carlson:
https://t.co/r39HWbUlYE

¬© tuckercarlson. com https://t.co/4PDteakVX4 [SEP] Russia had no territorial claims to any part of Ukraine when it annexed Crimea, having signed a treaty recognising &quot;the inviolability of existing borders, respect for territorial integrity and mutual commitment not to use its territory to harm the security of each other.&quot;    https://en.wikipedia.org/wiki/Russian‚ÄìUkrainian_Friendship_Treaty#:~:text=The%20Treaty%20on%20Friendship%2C%20Cooperation,for%20territorial%20integrity%20and%20mutual",slanted,unreliable source,0.7745241,False,0.0922331,0.0023430828,0.06224066,0.06865906,0.7745241
"This was the Porto manager celebrating after beating Arsenal in the first leg ü§¶üèº‚Äç‚ôÇÔ∏èüò≠..

Never celebrate too early son. 
#AFC https://t.co/H4wlgYBPU5 [SEP] This video was recorded and uploaded after a 1-0 win at Benfica in May 2022. As can be seen in the original post that the user has used the video from.    This post is just engagement farming and trying to cause a reaction.    https://twitter.com/FCPorto/status/1523030933284306944?t=fMI9h8cwuLmjiVh4g62DIw&amp;s=19",repurposed,false,0.6225096,False,0.05636467,0.6225096,0.25299466,0.058029775,0.010101312
"Ahahahahah ZionistNotes (@CommunityNotes) üòÇüòÇüòÇ

There is pretty good evidence that sell out Luai is paid by Israelüö®üáÆüá±üáÆüá±

Arab Zionists are far worse than Jewish Zionists. He‚Äôs a DISGRACE to the Arab people!!!

Rate this Zionist BSüö®üö®üö®üö® https://t.co/gL9sIp2WKQ [SEP] Community Notes aren't zionist and doesn't work by majority rules.  To identify notes that are helpful to a wide range of people, notes require agreement between contributors who have sometimes disagreed in their past ratings. This helps prevent one-sided ratings.  https://communitynotes.twitter.com/guide/en/about/introduction",repurposed,repurposed,0.59017867,True,0.03851999,0.047218725,0.59017867,0.20798305,0.11609963
"BREAKING: Tesla Sales Plummet as Democrats Stop Buying the Electric Cars Due to Elon Musk https://t.co/IJRzFDdMlG [SEP] Data shows Tesla sales are rising in Q3, and the Tesla Model Y is the best selling car, of any type, in the world.    https://ir.tesla.com/press-release/tesla-third-quarter-2024-production-deliveries-and-deployments    https://www.arenaev.com/tesla_sales_rebound_in_q3_2024_but_can_it_reach_2_million_deliveries_this_year-news-3984.php    https://driveteslacanada.ca/news/tesla-model-y-poised-to-become-best-selling-vehicle-in-the-us/    https://www.drive.com.au/news/tesla-model-y-worlds-best-selling-car-2023/",decorative,repurposed,0.49561846,False,0.2710466,0.018993326,0.49561846,0.09312395,0.12121769
Turkeyüíî #Turkey #amed #earthquake #Earthquake https://t.co/qVwPXft9Hu [SEP] This video is NOT of an earthquake but from the condominium collapse in Florida in June 2021. https://www.youtube.com/embed/7KNwMSuwQ8w,repurposed,repurposed,0.8053837,True,0.015234237,0.06315958,0.8053837,0.10134848,0.014874072
"MSU Police have identified the Michigan State Shooter as Physics Graduate Student Samuel Hydelburg.  

#MSU #MichiganState #MSUShooting #Lansing https://t.co/mlHCQelm1G [SEP] This is not a picture of the suspected shooter. It is a picture of Samuel Hyde. An American comedian.    Since 2015, Hyde has been frequently misreported as the perpetrator of numerous mass shootings &amp; other infamous incidents.   https://www.bbc.com/news/blogs-trending-41467035  https://heavy.com/news/2017/11/sutherland-springs-sam-hyde/  https://www.newsweek.com/waukesha-suspect-misinformation-spread-fake-photo-suv-driver-shared-1651834  https://www.reuters.com/article/factcheck-ukraine-ghost/fact-check-comedian-sam-hyde-is-not-the-ghost-of-kyiv-idUSL1N2V50Z3",decorative,repurposed,0.5011046,False,0.12238195,0.097607136,0.5011046,0.24302931,0.03587699
"Something's got to give. https://t.co/EB0Tg0tJic [SEP] The post is misleading because it compares nominal rents (not inflation adjusted) to real income (inflation adjusted).     Matt Darling's post below demonstrates what the opposite chart looks like, i.e. when inflation adjusted rent is compared to non-inflation adjusted income.    https://x.com/besttrousers/status/1757437042030432320?s=20",slanted,repurposed,0.48409075,False,0.08227404,0.15835522,0.48409075,0.22799933,0.04728062
"Shake Shack is giving out free chicken sandwiches, cheese fries, &amp; shakes üëÄ https://t.co/lMI4s8Hh6l [SEP] This is misleading since Shake Shack's deal requires a minimum $10 purchase.     https://slickdeals.net/share/iphone_app/fp/903055",slanted,slanted,0.39489877,True,0.0990086,0.14677244,0.3157645,0.39489877,0.04355566
"To celebrate the reveal of ùïè, twitter‚Äôs letting us verify the first 3,000 people to like the tweet aboveüëÄ https://t.co/eZGY098zGl [SEP] X does not offer verification in exchange for likes.    https://help.twitter.com/en/managing-your-account/about-twitter-verified-accounts",false,slanted,0.5207832,False,0.04816914,0.041880738,0.32336164,0.5207832,0.065805264
"There's a manhunt in Australia for 3 people who painted over a rainbow crosswalk. 

What a time to be alive.

 https://t.co/s98q3flJHF [SEP] Auckland is in New Zealand.  https://www.nzherald.co.nz/nz/full-video-emerges-showing-aucklands-karangahape-rd-rainbow-crossing-being-painted-over/QU63SQOBIJCHTIU5DJX3BN27NA/",repurposed,repurposed,0.62518656,True,0.060630504,0.09663922,0.62518656,0.17420243,0.04334125
"...can we get confirmation on this being real? https://t.co/xbzYemr2vj https://t.co/G9eEAHRX3L [SEP] The article has been updated: &quot;Col Hamilton admits he 'mis-spoke' . . . the 'rogue AI drone simulation' was a hypothetical &quot;thought experiment&quot; from outside the military, based on plausible scenarios and likely outcomes rather than an actual USAF real-world simulation&quot;    https://www.aerosociety.com/news/highlights-from-the-raes-future-combat-air-space-capabilities-summit/",repurposed,repurposed,0.54153293,True,0.099697754,0.031032309,0.54153293,0.20191194,0.12582514
"üö®üá®üá≥üáøüáº China WROTE OFF Zimbabwe‚Äôs DEBT in honor of country‚Äôs independence celebrations. https://t.co/yLgDH3Tqy8 [SEP] Additional Context: China wrote off an &quot;unspecified portion&quot; of Zimbabwe's debt, not the entire debt. Chinese ambassador to Zimbabwe Zhou Ding was reported to have said it was a very small portion of the debt.    https://www.africanews.com/2024/04/18/china-writes-off-unspecified-amount-of-zimbabwe-interest-free-loan/  https://chinaglobalsouth.com/2024/04/18/china-writes-off-unspecified-amount-of-zimbabwes-interest-free-debt/  https://www.theeastafrican.co.ke/tea/business/china-writes-off-interest-free-loans-given-to-zimbabwe-4594440  https://nairametrics.com/2024/04/18/chinese-govt-writes-off-interest-free-loan-given-to-zimbabwe/",decorative,decorative,0.81775254,True,0.81775254,0.00079689367,0.061039917,0.029641546,0.09076898
"I posted a picture yesterday of a real event, that millions of people saw with their own eyes. 

Then Labourists and Leftists say ‚Äòyou‚Äôre lying‚Äô, 

How can a picture lie? https://t.co/m1ZxSBVN6n [SEP] Sadiq Khan did shake her hand.    https://t.co/3s6d8DqrcV",slanted,repurposed,0.75252056,False,0.022154434,0.043186076,0.75252056,0.16370036,0.018438557
Elon Musk is rumored to be a guest speaker at the RNC convention. https://t.co/b6QW5kEU6A [SEP] This rumor is false and has been debunked by Musk himself.    https://x.com/elonmusk/status/1813967826807619869,decorative,repurposed,0.33404437,False,0.27828804,0.06195816,0.33404437,0.28488743,0.040822078
"Students at UCLA today chanting ""Israel, Israel you cant hide.  We want Jewish genocide""  Not 1947 Germany...Today, Oct 26 https://t.co/F4eEgMKids [SEP] The chant clearly says &quot;we charge you with genocide.&quot;    This chant has been fact-checked independently and proven to be mis-heard. No such chant calling for a &quot;Jewish genocide&quot; exists.    https://www.usatoday.com/story/news/factcheck/2023/10/19/university-of-pennsylvania-palestine-protest-fact-check/71233913007/",slanted,repurposed,0.620674,False,0.13534902,0.034355532,0.620674,0.08012315,0.12949824
"Joe‚Äôs Confused expression with chants of ‚ÄúF*ck Joe Biden‚Äù.     
 https://t.co/mjFEGlcFEh [SEP] The &quot;F*ck Joe Biden&quot; chants were digitally added.  See original video below:  https://leadstories.com/hoax-alert/2023/01/fact-check-hecklers-did-not-shout-fuck-joe-biden-to-disrupt-gun-violence-speech.html",false,repurposed,0.54612505,False,0.027456794,0.043672774,0.54612505,0.3539849,0.028760424
"Trump has stopped wearing that absurd bandage on his ear, which appears to have fully recovered.

Should one be thanking 'God'? https://t.co/OaMCyHUNei [SEP] The photo of Trump is not recent. This tweet is misleading. See article from 2019 with the same picture: https://nymag.com/intelligencer/2019/09/trump-phone-call-whistleblower-intelligence-russia-putin.html",repurposed,slanted,0.45462665,False,0.047812123,0.040350407,0.41394228,0.45462665,0.04326854
You can do this with any bear you see in the wild. They‚Äôre actually incredibly gentle creatures https://t.co/WK5DJP9tDU [SEP] You should never feed or approach a bear.    https://bearwise.org/six-bearwise-basics/never-feed-or-approach/,slanted,repurposed,0.47689936,False,0.04862328,0.014303003,0.47689936,0.06209908,0.3980754
"The UN, WHO and WEF are all working to the same goals and I don‚Äôt like them and I don‚Äôt think my constituents will either, which is probably why they are not getting much publicity in the legacy media. https://t.co/gNKvmuQgBd [SEP] This document is fake and not from UN:   https://eu.usatoday.com/story/news/factcheck/2020/07/23/fact-check-uns-agenda-21-2030-agenda-wont-create-new-world-order/5474884002/    The actual goals of the UN are published here: https://sustainabledevelopment.un.org/content/documents/21252030%20Agenda%20for%20Sustainable%20Development%20web.pdf",false,repurposed,0.7503815,False,0.0409761,0.015317258,0.7503815,0.1398953,0.053429864
"Ancestor cry https://t.co/hewBtSo6By [SEP] This post uses a photo out of context to make a misleading and racist claim. The image has been manipulated to promote a false narrative. The woman in the photo, who is Korean, lives in NYC and is still with her Black boyfriend. Her IG: @Dainaristide.   https://www.instagram.com/dainaristide?igsh=MTkzaGpmanhmNXR0MA==",false,repurposed,0.52186316,False,0.057982415,0.24917305,0.52186316,0.14385864,0.027122784
"All pilots on both sides when flying will be (no return): Russia doubled Su-57 production while F-16 has not returned to Ukraine

Ukraine's F-16 fighter may face the overwhelming dominance of Russia's 5th generation fighter. https://t.co/G0X1L3UmNx [SEP] The statement is speculative and data not confirmed    UK MOD states they were likely used in Ukraine. 5 were captured stationary on satelite and only 1 shown flying to media  Cautious usage reflects concerns over costs and combat risks, casting doubt on changing the war's course    https://www.thedrive.com/the-war-zone/su-57-felon-fighters-are-flying-ukraine-combat-missions-uk-intel",decorative,slanted,0.45675793,False,0.038815573,0.020225942,0.36809212,0.45675793,0.11610844
"üö®| NEW: Speed‚Äôs hair has been spotted on eBay for $1,700 after being pulled out of Speed‚Äôs head yesterday in Norway üá≥üá¥ https://t.co/rkQqrLPJNs [SEP] This is fake. Although the sellers name appear to be norwegian, the picture is taken from this 11 month old Reddit thread    https://www.reddit.com/r/Dreadlocks/s/ktGunkaYz6",repurposed,repurposed,0.61701024,True,0.03630218,0.17335723,0.61701024,0.15209343,0.021237003
Wildest things that came out of the Cass Report on trans healthcare https://t.co/r50rOaen64 [SEP] The Cass report doesn‚Äôt claim that hormones cause a child‚Äôs preference for boys or girls toys. It says they have a partial influence.    https://cass.independent-review.uk/wp-content/uploads/2024/04/CassReview_Final.pdf    Toy preference is also one of the criteria for gender disphoria and is often claimed as an indicator of being trans by trans women and men.    https://mermaidsuk.org.uk/news/the-toys-and-clothing-question/,unreliable source,repurposed,0.43667462,False,0.13680325,0.01966032,0.43667462,0.05905422,0.34780756
"It‚Äôs extremely cringeworthy for politicians who have NEVER been seen in a Barbour jacket their whole career, to be wearing one like it‚Äôs a costume.
https://t.co/WRQIWc6fEe [SEP] Badenoch has been pictured multiple times wearing Barbour jackets since at least 2018.    https://x.com/salomonsoup/status/1867676610692100543?s=46",decorative,repurposed,0.6641541,False,0.045362074,0.13572402,0.6641541,0.1307797,0.02398012
"3k instant profit https://t.co/Z5HND7SZ9v [SEP] The punishment for stealing up to $5,000 in Canada is up to two years in prison.   https://www.accused.ca/theft-under-5000.htm  https://mpjlaw.ca/theft-under-5000-theft-over-5000-criminal-code-322/#:~:text=If%20the%20crown%20proceeds%20by,of%20ten%20years%20in%20prison.  https://www.oraclelegalservices.ca/blog/prison-for-theft-under-5000/",false,decorative,0.59599084,False,0.59599084,0.0030076613,0.075097226,0.034589343,0.29131496
"Mexican TV reports that dozens of U.S. AT-4 weapons systems, which were originally shipped to Ukraine, have been purchased by Cartel Golfo in Mexico.

https://t.co/3QcHZann1o [SEP] It is a mistranslation.  It is saying these weapons are LIKE the ones in Ukraine not ones FROM Ukraine.    https://twitter.com/elmochiiiii/status/1664170172393873408?s=46&amp;t=o9g7DD7OjoqfbMjDW2cbNg    These weapons have been used across Mexico for m possibly a decade now anyways.   https://youtu.be/qxoHxx5CopU",slanted,repurposed,0.6263889,False,0.046873014,0.02811929,0.6263889,0.26009974,0.03851906
"Elon Musk is going to launch a satellite that displays ads in space, reports @BusinessInsider.

He is one of several billionaires investing vast sums on the space race. SpaceX will launch the satellite with a display screen in 2022. Ad space will be bought using cryptocurrency. https://t.co/Y37UeBrBYM [SEP] This satellite will not be visible to the naked eye. It has a tiny LCD and a camera. Advertisers are essentially paying for the background.     Also; the satellite is not developed or owned by Elon Musk, his company, SpaceX is simply it‚Äôs paid ride to space.   https://t.co/Zux6R7ir2P",slanted,slanted,0.47222847,True,0.1051885,0.027460163,0.34650338,0.47222847,0.048619535
"Wow! Did you hear what I JUST HEARD? That @elonmusk is looking at BUYING Fox News?!?! VERY interesting! https://t.co/Ogs4U2E1xP [SEP] An Elon Musk parody account (@ElonMuskAOC) tweeted ‚ÄúShould I just buy Fox News and CNN?‚Äù, to which Elon Musk responded with laughing emojis. So, Elon Musk is not looking to buy Fox News.    https://twitter.com/elonmuskaoc/status/1681345503316037632?s=46&amp;t=muznFrYPRJiYZPuGuCUOBQ",decorative,repurposed,0.4340336,False,0.20733844,0.06928033,0.4340336,0.2511994,0.038148306
Andrew Tate üëáüèª https://t.co/Wv1u7Kleks [SEP] This is an altered video known as a deepfake. Elon Musk did not say these things about Andrew Tate and the ‚ÄúMatrix‚Äù. The audio is fake and the video is lip-synced.,false,false,0.77228695,True,0.01749226,0.77228695,0.12743397,0.07635483,0.0064319014
"Today's front page of The National üóûÔ∏è

Labour's message after voting for two-child cap https://t.co/zdhTmxVhqP [SEP] This picture was taken at an unrelated social event held by a Labour campaign group. It is entirely unrelated to the welfare vote. https://x.com/kmacraeplockton/status/1816352430910488880",repurposed,repurposed,0.41091055,True,0.068552785,0.14615741,0.41091055,0.33866662,0.03571263
Who has Mia khalifa video? #ads https://t.co/RYnlt8tYsC [SEP] This post uses sexual content to trick users to click on the thread which leads to paid advertisements. This is misleading.     https://business.twitter.com/en/help/ads-policies/ads-content-policies/adult-or-sexual-products-and-services.html,decorative,slanted,0.42595744,False,0.050342083,0.10564161,0.36256602,0.42595744,0.05549281
"BREAKING: Trump is facing $1 trillion lawsuit over massive COVID-19 death toll in US https://t.co/qbSOxtuvRK [SEP] Information out dated. In 2021, a lawsuit was filed by Arnett Thomas that sued Donald Trump for his mishandling of Covid, which lead to the deaths of hundreds of thousands of Americans. The case was dismissed months later.    https://www.northjersey.com/story/news/columnists/mike-kelly/2021/04/15/trump-covid-nj-man-sues-over-handling-pandemic-us/7196288002/    https://www.law.com/njlawjournal/almID/1627070234NJ213111/?download=119117685393_072121.pdf",decorative,decorative,0.43420053,True,0.43420053,0.028835071,0.18162142,0.27559066,0.07975236
üî•üö®DEVELOPING: This footage of a priest dancing with one of his church members is creating a lot of discussion on if he was acting appropriately or not. https://t.co/oj3HKLQphF [SEP] The Video is of Brazilian actor In√°cio Falc√£o who is playing the character of a Christian priest 'Papa Popo Caruaru'.     https://www.boomlive.in/fact-check/politics/viral-video-christian-priest-dancing-with-woman-brazil-actor-factcheck-22514,repurposed,repurposed,0.5203882,True,0.035223164,0.13555266,0.5203882,0.27342308,0.03541286
"BQQQQQM Archive footage of Stanley Kubrick that he requested to be published after his death and a cover letter in which he says, among other things: ""With the cooperation of the US government &amp; NASA, we faked the moon landings. ALL moon landings were faked and I filmed them all. https://t.co/oBc4xmlHpX [SEP] This is behind the scenes footage from the Making of the movie First Man with Ryan Gosling playing Neil Armstrong.     The footage has deliberately been made blurry in order to deceive.      https://m.youtube.com/watch?v=fFREJIsDHZ0",false,repurposed,0.57925606,False,0.04413626,0.13644804,0.57925606,0.2133046,0.026855094
"I have been Vegan for 7 years, but I cannot afford to buy expensive Vegan food if my posts are ineligible for X ad revenue. This is an attack on my lifestyle and on animals. Puerto Ricans are NOT Americans @CommunityNotes. I will not be silenced. https://t.co/2JjEaoqkc6 [SEP] Not only are Puerto Ricans American citizens, but community notes do not limit the amount of posts she is able to make nor does it stop others from seeing them. Not being paid for her words does not mean she is ‚Äòsilenced‚Äô as she is free to talk here on X or other places.     https://en.m.wikipedia.org/wiki/Puerto_Rican_citizenship_and_nationality    https://www.dictionary.com/browse/silenced",repurposed,repurposed,0.3796436,True,0.096388154,0.0069060437,0.3796436,0.32504365,0.1920186
"8. Clearly Canadian sparkling water, discontinued in the late 2000s https://t.co/e93Hjhzq4p [SEP] Clearly Canadian has not been discontinued.    https://clearlycanadian.com/",decorative,repurposed,0.86185306,False,0.04321764,0.008624376,0.86185306,0.015955873,0.07034907
https://t.co/tCSTIPgFaV [SEP] This is not true.    https://www.usatoday.com/story/news/factcheck/2024/11/08/elon-musk-buy-cnn-fact-check/76132850007/    https://www.snopes.com/fact-check/elon-musk-bought-cnn/,decorative,repurposed,0.38507,False,0.37176758,0.018563524,0.38507,0.08834566,0.13625324
"Tesla will need to fix almost every car it‚Äôs ever sold in China due to an issue with the vehicles‚Äô acceleration systems https://t.co/WQtpGmFDvk [SEP] As explained in the article, the recall is a software update to be pushed over the air (OTA) to reduce the risk of crashes due to prolonged deep pressing of the accelerator pedal (pedal misapplication which is a driver error).    This is not a costly hardware recall.    https://en.m.wikipedia.org/wiki/Sudden_unintended_acceleration",decorative,slanted,0.6167962,False,0.026817122,0.009148602,0.18774517,0.6167962,0.15949292
"X/Twitter is adding the option to only allow verified users to reply to a post https://t.co/lB83fM3Icv [SEP] Elon Musk just said that this idea would be great, he hasn't confirmed that they're working on it.    https://twitter.com/elonmusk/status/1699808243575382241",repurposed,slanted,0.41195044,False,0.096465155,0.18324874,0.2752233,0.41195044,0.03311237
"Warning to Tiktok users: DO NOT EMULATE - EXTREMELY DANGEROUS.

Warning:  Disturbing clip of a woman doing a Tiktok challenge and getting seriously injured.

DON'T  DO STUPID STUFF LIKE THIS üí•üí•üí•üí• https://t.co/miZ5Gi5PHJ [SEP] This was proven fake.   https://www.wusa9.com/article/news/local/verify/verify-is-this-kekechallenge-gone-wrong-video-real/65-577055579",false,repurposed,0.34676895,False,0.042574123,0.28636077,0.34676895,0.3003967,0.023899414
say hi so i know if you‚Äôre active on X ü§≠ https://t.co/V8z0gyjmFe [SEP] Engagement Farming:    This is a practice where a content creator makes a statement with a promise of something in return for a comment and or like with no real intention of fulfilling that promise.     This is against the terms of services of X.     https://x.com/elonmusk/status/1781183251731677264?lang=en    https://t.co/XlUqBw05oI,decorative,repurposed,0.62250537,False,0.0598824,0.087774225,0.62250537,0.20508012,0.024757857
"Air traffic around Crimea leading up to the attack. 

The west has lost its collective mind. https://t.co/7LLs86mT0U [SEP] The screenshot in this tweet dates from April 2021. The copyright notice bottom right is also dated 2021.  https://yandex.com/images/search?cbir_id=2432622%2FUh4BiK62aEYU1JACR9Ut_A4299&amp;cbir_page=similar&amp;img_url=https%3A%2F%2Fsun9-26.userapi.com%2Fimpg%2FnZ90-VmfZbAHl2Bs7yqqzIcqKEvPoWP9IIWjZA%2F8-D3oCVxgDU.jpg%3Fsize%3D604x341%26quality%3D96%26sign%3D9a973e7f44168dac334a25fec5d9657e%26type%3Dalbum&amp;lr=10426&amp;pos=0&amp;rpt=imageview&amp;url=https%3A%2F%2Favatars.mds.yandex.net%2Fget-images-cbir%2F2432622%2FUh4BiK62aEYU1JACR9Ut_A4299%2Forig",repurposed,repurposed,0.5574091,True,0.03137019,0.2210734,0.5574091,0.15923318,0.030914014
"Reported to be a clip of Russian Kinzhal missile, traveling at 12,000 kilometers per hour, 10 times faster than sound, striking a Ukrainian weapons depot 136 meters underground. A modern battlefield is very destructive. https://t.co/QxdpAaLctk [SEP] This video has been digitally altered.    https://fullfact.org/online/ukraine-cgi-nuclear-video/",false,repurposed,0.6753129,False,0.047022454,0.07187595,0.6753129,0.14269832,0.063090526
"This is quite possibly the laziest election rigging I‚Äôve ever seen.

‚ÄúWhat should we put down for the ‚ÄòNo,‚Äô vote, Comrade Maduro?‚Äù

‚ÄúExactly 5%.‚Äù

‚ÄúReally‚Ä¶? Not 6.4%? 4.8%?‚Äù

‚ÄúNo. Exactly 5.00%. That is the number I put on my luggage.‚Äù https://t.co/q60emPJ8Zh [SEP] This is not an official vote count; it is a misleading Wikipedia edit based upon reporting that at least 10.5M people voted yes for each question. These numbers have been removed from the Wikipedia page.  https://twitter.com/PorazonyC/status/1731573586794627165?s=19  https://en.wikipedia.org/wiki/2023_Venezuelan_referendum    The National Electoral Council has not yet published full results.  http://www.cne.gob.ve/web/estadisticas/index_resultados_referendos.php",unreliable source,repurposed,0.7447385,False,0.04088198,0.022932714,0.7447385,0.16137588,0.030070977
"Moscow looks pretty nice right now‚Ä¶ https://t.co/WMEcuuBBWd [SEP] There are currently no known riots in Berlin or London. Therefore, the examples are not applicable here. The image of Berlin is the New Year's Eve from 2022 to 2023.     Here is the German article where the image was taken(Berlin):  https://www.sueddeutsche.de/politik/silvester-krawallen-berlin-dobrindt-geld-streichen-1.5727250",repurposed,repurposed,0.68314403,True,0.008039147,0.08020741,0.68314403,0.21664678,0.011962585
"OOOOPS, KEIR!
This puts the cat among the pigeons!
What on earth could have given the @Libdems such a boost? What was it in their manifesto that people liked?
A COMMITMENT TO REJOIN THE SINGLE MARKET!!

@LibDems can capitalise on this, but it puts #Labour in a bind. Could it be that ‚ÄòStarmer the Obdurate‚Äô has blown it? It‚Äôs only one poll‚Ä¶BUT!
@UKLabour @mattfrei @mrjamesob 

https://t.co/PDtCjHO6of [SEP] This is from a fake polling company   https://x.com/ligmapolluk?s=21&amp;t=r1fZaUxgD0oX7iDfbGl7jA",decorative,repurposed,0.7463627,False,0.059036937,0.021328323,0.7463627,0.13745782,0.03581427
"Carlos Sainz just wanting to sing smooth operator https://t.co/3C6by7xcXc [SEP] Carlos Sainz was never punished for singing Smooth Operator, nor did he ever receive any warning. The post created a fake speech from his engineer, the real is about another punishment that the pilot received    The real radio can be heard in this video  https://www.youtube.com/watch?v=jQwoaD0J60w",false,repurposed,0.54126483,False,0.13486311,0.061714686,0.54126483,0.22896224,0.033195183
"Kobe and MJ never lost 10 straight to the same team https://t.co/lmChRvVNFE [SEP] Between March 21, 1986 and April 28, 1987, Michael Jordan lost 13 consecutive times to the Boston Celtics. This includes the 1986 and 1987 playoffs.   https://www.statmuse.com/nba/ask?q=michael+jordan+record+vs+boston+celtics+1985-86+to+1986-87+including+playoffs",decorative,repurposed,0.6272466,False,0.13698281,0.013993675,0.6272466,0.13367899,0.08809794
"Breaking news:

A Liberal MP accepted over $21,000 in free travel for him and girlfriend to visit China. We need an inquiry into how China is buying our politicians. 

Oh wait, that was #PP. https://t.co/lbi6C90TeZ [SEP] Mr. Poilievre and then girlfriend Ms. Galindo visited Taiwan  See 2017 Sponsored Travel List  https://ciec-ccie.parl.gc.ca/en/publications/Documents/SponsoredTravel/2017%20Sponsored%20Travel%20List.pdf",slanted,repurposed,0.5556331,False,0.04789142,0.04030893,0.5556331,0.31969705,0.036469467
üò≥ https://t.co/Tnx2b7wqql [SEP] The student was paid $75.00 and later was gifted 500 shares of stock as well.    https://www.businessinsider.com/how-a-graphic-design-student-turned-a-swoosh-into-1-million-2010-10,slanted,slanted,0.5633477,True,0.19631055,0.04017609,0.10668497,0.5633477,0.09348065
"The picture is of three American who were killed in a drone attack by the resistance on the American base in Syria -Jordan border https://t.co/MUF2nnjq8u [SEP] This picture is of 3 American military trainers killed in 2017 by a Jordanian soldier in Jordan, not of the 3 US soldiers killed in Syria.    https://www.fox5atlanta.com/news/fathers-of-slain-us-soldiers-attend-trial-in-jordan",repurposed,decorative,0.5127123,False,0.5127123,0.0008906944,0.06392328,0.15439582,0.26807785
"A deputy‚Äôs first-person perspective during a dangerous fentanyl exposure Thursday was captured on his body camera, along with a Narcan rescue by a fellow deputy that likely saved his life, the Flagler County Sheriff‚Äôs Office said. https://t.co/VTRs9SrB6I [SEP] The deputy in this video is not experiencing a fentanyl overdose and ‚Äúfentanyl exposure‚Äù is a scientific impossibility that only continues to circulate as misinformation. https://www.npr.org/2023/05/16/1175726650/fentanyl-police-overdose-misinformation",unreliable source,slanted,0.43155923,False,0.13860977,0.008211131,0.13942432,0.43155923,0.2821955
"This was the Porto manager celebrating after beating Arsenal in the first leg ü§¶üèº‚Äç‚ôÇÔ∏èüò≠..

Never celebrate too early son. 
#AFC https://t.co/H4wlgYBPU5 [SEP] This video is from May 7th 2022 after Porto defeated Benfica and claimed the league title    https://t.co/GObetXNZCE",repurposed,repurposed,0.7987509,True,0.055549674,0.036279477,0.7987509,0.0934151,0.016004866
"Right outside Tihar jail at this moment, history is being created. Crores of people are marching silently in West Delhi to oppose the undemocratic arrest of Arvind Kejriwal.

If this isn't a sign of impending doom for the BJP, then what is? Change is near. It's coming! https://t.co/plqQ0EL8vr [SEP] This picture is from popular Hong Kong protest against authoritarian chinese regime.    Reportedly, there is not much support/sympathy for Delhi CM Kejriwal's arrest.  https://tibet.net/what-chinese-citizens-have-and-havent-learned-about-hong-kongs-protests/",repurposed,repurposed,0.69631135,True,0.120794155,0.0070019425,0.69631135,0.08549918,0.09039337
so if puerto ricans are americans then why doesn‚Äôt it say bad bunny is an american? https://t.co/x0gpnKlFwl [SEP] Puerto Ricans are American citizens as Puerto Rico is an American territory. OP is possibly engagement farming which is against the TOS  https://en.m.wikipedia.org/wiki/Puerto_Rico,slanted,repurposed,0.94236976,False,0.004271279,0.00033389963,0.94236976,0.02634423,0.02668081
"Wow! Michelle Obama was glowing when she was pregnant! 

It‚Äôs crazy how many images of her during her multiple pregnancies are just publicly available! https://t.co/mPH4nRFJpi [SEP] The image is AI generated.  The six fingers on her left hand is a clear indication that the photo is not real.    https://www.pcmag.com/how-to/how-to-detect-ai-created-images",false,repurposed,0.5457335,False,0.011916357,0.064663455,0.5457335,0.33819246,0.039494213
"The unelected ‚ÄòWorld Health Leader‚Äô. https://t.co/HzHYWFaCGa [SEP] This is not a geniune photo of Bill Gates. Using digital editing software, someone enlarged his chest area to make it appear as if he had received breast implants.    https://www.snopes.com/fact-check/bill-gates-transitioning-breasts/",false,repurposed,0.57581633,False,0.094921894,0.09506104,0.57581633,0.09200145,0.14219925
"Cardano is becoming a Bitcoin L2 ü§Ø Didn't see that coming!

Bitcoin DeFi will be the biggest opportunity in Crypto. https://t.co/w0L6DKZz9j [SEP] Cardano remains a L1 blockchain and is not transitioning to a L2 solution. Instead, Cardano enhances its ecosystem by offering L2 functionalities, DeFi, dApps, and privacy features through interoperability. This is facilitated by Cardano's use of the UTxO model..    https://www.emurgo.io/press-news/cardano-unlocks-trustless-btc-rails-through-bitcoinos-integration-with-emurgo/",slanted,decorative,0.34842116,False,0.34842116,0.01985917,0.2734789,0.20856035,0.14968039
